"pays","longitude","latitude","nvm_imp_id","nvm_hauteur_max_observee","nvm_date_hauteur_max_observee","nvm_hauteur_max_instantanee","nvm_date_hauteur_max_instantanee","nvm_surcote_pleine_mer","nvm_surcote_instantanee","nvm_id","nvm_extrait_source"
"France","-0.9774470901109567","44.774458623067176",2842,"435","1905-03-12 10:15:00",NULL,NULL,"75",NULL,32,"Toutes les caves des habitations du quartier avoisinant le square Brizieux ont été envahies par les eaux. La cote de la marée de 10h15 ce matin qui devait être de 3, 60 m a atteint la hauteur de 4,35 m deux heures après la pleine mer le flot n'avait pas encore commencé à descendre"
"France","-1.8641604117734119","49.54928491306845",1760,"614","1909-12-02 07:00:00","414","1909-12-02 23:19:00","-10","52",410,NULL
"France","2.3747508422046875","51.04373725803511",2744,"380","1941-02-16 00:00:00",NULL,NULL,"131",NULL,7,"data in m NGF. modeled data.surge max 159. Storm Track : from South West (modeled) / Wind Speed max (m/s) 29 at Les Mathes (measured) / Wind direction : 210° (measured)  / Lowest pressure 971 hPa at Les Mathes (measured) / Hs max : 8m, Tp (s) 11 / Dm 210°"
"France","-3.3021670167942148","48.81591666622131",2743,"410","1941-02-16 00:00:00",NULL,NULL,"167",NULL,19,"archives data. surge max 170. Storm Track : from South West (modeled) / Wind Speed max (m/s) 29 at Les Mathes (measured) / Wind direction : 210° (measured)  / Lowest pressure 971 hPa at Les Mathes (measured) / Hs max : 8m, Tp (s) 11 / Dm 210°"
"France","-1.1841695450074987","46.157783212854476",2744,"380","1941-02-16 00:00:00",NULL,NULL,"131",NULL,6,"data in m NGF. modeled data. surge max: 159. Storm Track : from South West (modeled) / Wind Speed max (m/s) 29 at Les Mathes (measured) / Wind direction : 210° (measured)  / Lowest pressure 971 hPa at Les Mathes (measured) / Hs max : 8m, Tp (s) 11 / Dm 210°"
"France","1.0407154961234255","49.90260291699121",2350,"490","1965-01-20 05:20:00","258","1965-01-20 14:19:00","33","65",83,NULL
"France","-1.1578441850909211","44.661816052752954",2348,"603","1965-01-20 06:04:00","376","1965-01-20 15:06:00","50","90",387,NULL
"France","1.650402750986359","50.382149369398064",2355,"573","1965-11-29 06:49:00","513","1965-11-29 11:25:00","90","180",306,NULL
"France","-2.8757536492951723","47.339616226967145",1781,"423","1967-03-10 03:10:00","193","1967-03-10 23:39:00","17","24",25,NULL
"France","-1.6816882141396263","48.11157005531396",1779,"605","1967-03-13 01:06:00","353","1967-03-11 09:45:00","23","69",392,NULL
"France","-3.302711917567834","47.71810101546159",1790,"480","1967-10-04 15:37:00","220","1967-10-04 06:39:00","-2","9",70,NULL
"France","-1.5501286025528316","48.57893701802914",1788,"588","1967-10-04 16:18:00","575","1967-10-04 04:49:00","17","44",343,NULL
"France","-2.762054270587953","48.51459033137888",2361,"580","1967-10-15 14:06:00","536","1967-10-12 09:01:00","10","105",321,NULL
"France","-2.0231800464421434","48.65114175430354",2364,"556","1967-10-15 14:15:00","193","1967-10-15 20:39:00","18","52",239,NULL
"France","-2.7606079872749154","47.65180508666467",2362,"506","1967-10-15 14:42:00","361","1967-10-12 14:43:00","12","25",112,NULL
"France","-3.4197363166876538","47.784071637585036",1799,"480","1967-11-02 02:51:00","407","1967-11-02 01:05:00","23","30",71,NULL
"France","2.210771327053174","51.03169536825533",1797,"625","1967-11-02 16:03:00","431","1967-11-02 12:57:00","58","72",436,NULL
"France","2.373498691491341","51.036694832669056",2370,"570","1968-01-06 03:34:00","252","1968-01-09 11:27:00","33","40",294,NULL
"France","-1.1469549386003066","45.77282442478083",2371,"521","1968-01-06 06:10:00","355","1968-01-09 06:00:00","-6","37",131,NULL
"France","-3.8701786380490053","47.85268201132396",2372,"468","1968-01-06 08:15:00","246","1968-01-07 02:56:00","2","50",58,NULL
"France","-1.6181697340836372","49.632501955325004",1806,"460","1970-02-10 06:08:00","233","1970-02-13 16:39:00","11","38",50,NULL
"France","2.110176940482737","50.998396738514955",1805,"625","1970-02-10 06:10:00","561","1970-02-12 10:00:00","21","112",437,NULL
"France","-1.5936957014952782","48.59689839754316",1820,"591","1972-02-14 11:34:00","444","1972-02-12 07:53:00","16","72",354,NULL
"France","-4.160750640229708","47.85387749335183",1826,"445","1972-02-15 03:40:00","287","1970-02-13 05:19:00","6","41",37,NULL
"France","-3.3635027840841896","47.75886665703172",1825,"609","1972-02-15 03:44:00","349","1970-02-13 08:12:00","7","183",402,NULL
"France","-2.0292868458064803","47.28706837943656",1821,"621","1972-02-15 03:56:00","324","1970-02-13 08:26:00","-6","153",421,NULL
"France","-1.1527007984029751","46.154514163697854",1824,"549","1972-02-15 04:17:00","256","1970-02-13 09:11:00","8","105",206,NULL
"France","2.1441266350363435","50.99732556622206",1831,"581","1974-01-14 03:35:00","343","1974-01-17 02:06:00","1","145",325,NULL
"France","-2.871197710363776","47.532399909196016",1832,"569","1974-01-14 07:21:00","569","1974-01-14 07:26:00","20","22",290,NULL
"France","-3.3500023188517503","47.70954132677099",1833,"558","1974-01-14 07:26:00","182","1974-01-14 00:55:00","14","22",251,NULL
"France","2.3741579980240584","51.0373902633898",1838,"400","1974-01-14 07:39:00","137","1974-01-14 00:00:00","3","11",16,NULL
"France","-4.495039939341552","48.38290023985434",1847,"586","1974-02-06 03:16:00","165","1974-02-06 09:48:00","46","67",337,NULL
"France","-2.3036587718355945","47.52018114132364",1849,"480","1974-02-07 03:24:00","98","1974-02-06 20:06:00","16","26",72,NULL
"France","-1.1745787200317181","44.65335583900094",1858,"571","1974-02-09 05:37:00","545","1974-02-11 19:08:00","5","58",300,NULL
"France","-4.3727004968590215","47.80606909355328",2385,"568","1974-07-05 16:06:00","565","1974-07-05 16:24:00","11","12",286,NULL
"France","-2.0755838007151346","46.79569392972043",2383,"499","1974-07-05 16:45:00","149","1974-07-04 21:53:00","3","12",100,NULL
"France","-1.8084066195696664","48.59323536262207",1865,"571","1976-12-02 04:25:00","371","1976-12-01 21:09:00","42","82",301,NULL
"France","-1.0511029884120262","45.843318983484494",1871,"532","1976-12-03 01:54:00","473","1976-12-01 22:32:00","70","110",153,NULL
"France","-1.110875914811938","45.49598148956523",1868,"574","1976-12-03 13:28:00","528","1976-12-01 21:55:00","40","102",308,NULL
"France","-2.23136156218618","46.96701150547676",1872,"549","1976-12-03 13:34:00","441","1976-11-30 14:57:00","40","103",208,NULL
"France","1.0844900003134512","49.92916999999568",1869,"610","1976-12-03 14:08:00","365","1976-12-01 16:55:00","22","65",407,NULL
"France","-1.0022982491449974","49.382095100329806",2659,"554","1977-11-12 03:52:00","267","1977-11-16 15:42:00","1","14",229,NULL
"France","-1.0908732306149318","46.366217068063406",2663,"559","1977-11-13 05:03:00","145","1977-11-15 00:12:00","-2","31",256,NULL
"France","-1.3165096983637454","46.32116880459682",2666,"462","1977-11-14 05:12:00","250","1977-11-16 22:59:00","4","23",51,NULL
"France","-2.4656157812129242","47.47381170710358",1879,"589","1978-01-11 04:59:00","509","1978-01-11 06:47:00","29","33",347,NULL
"France","-1.5494139517923031","46.42979837139791",1885,"488","1978-01-12 05:15:00","473","1978-01-12 04:35:00","26","34",80,NULL
"France","1.6077998898531973","50.45270674711884",2694,"492","1978-12-31 04:09:00","118","1978-12-31 08:53:00","27","34",87,NULL
"France","-5.0856410182182685","48.45995603054655",2680,"492","1978-12-31 04:09:00","321","1978-12-30 18:31:00","27","35",88,NULL
"France","-4.650190303339684","48.37151743438227",2674,"594","1978-12-31 04:30:00","200","1978-12-31 09:04:00","41","56",364,NULL
"France","-1.1508828229974881","46.158065343723344",1893,"580","1979-03-28 03:31:00","279","1979-03-28 12:14:00","25","47",322,NULL
"France","-2.0170914114011484","48.65192366397128",1899,"497","1979-03-28 03:34:00","307","1979-03-28 06:18:00","26","38",97,NULL
"France","2.125580231556933","50.937854270108275",1906,"600","1979-08-13 15:35:00","178","1979-08-15 12:52:00","3","29",378,NULL
"France","-4.73372078828362","48.481268683303256",1912,"544","1979-08-13 19:25:00","313","1979-08-14 00:12:00","9","47",178,NULL
"France","1.6043801404313172","50.38525179213667",1907,"485","1979-08-13 19:29:00","372","1979-08-13 22:34:00","8","24",78,NULL
"France","1.087081353621727","49.92192937204305",1913,"410","1979-08-13 19:44:00","176","1979-08-14 00:00:00","4","24",20,NULL
"France","-4.382741457851864","48.36019945024458",1908,"565","1979-08-13 20:14:00","208","1979-08-13 00:00:00","11","42",274,NULL
"France","-3.5127821566734307","48.82543154396618",1917,"593","1979-12-15 04:45:00","323","1979-12-15 12:05:00","66","70",360,"Présence de seiches à pleine mer d'amplitude ± 10 à 20 cm sur la période concernée. Phénomène filtré dans la série de données analysée (pas de temps de 1 heure). Sous estimation de l'ordre de 20 cm de la hauteur max relevée le 15 décembre."
"France","-2.7569265207622866","47.65982011284117",1926,"395","1979-12-17 01:47:00","322","1979-12-15 02:27:00","8","24",14,NULL
"France","-1.4031606083533914","46.383274833155724",1923,"623","1979-12-17 02:20:00","587","1979-12-15 01:34:00","11","51",430,NULL
"France","-4.356089619213182","47.798816736686376",1919,"600","1979-12-17 22:59:00","401","1979-12-15 18:01:00","34","134",379,NULL
"France","-1.1749893549745707","46.161953645244694",1933,"473","1979-12-27 23:00:00","472","1979-12-27 22:47:00","43","44",64,NULL
"France","-1.3869165664462457","46.02467039832038",1935,"588","1979-12-28 00:33:00","562","1979-12-28 01:19:00","64","97",344,NULL
"France","-2.1990127679050575","47.27215108070686",1938,"390","1979-12-29 12:26:00","301","1979-12-28 01:14:00","11","18",12,NULL
"France","-1.123884924649417","45.74690957102007",1932,"571","1979-12-29 20:59:00","387","1979-12-28 10:57:00","23","103",302,NULL
"France","-1.0615224500008935","45.91303960949057",1951,"489","1981-12-12 16:09:00","266","1981-12-12 19:25:00","33","42",81,NULL
"France","-2.147890585382072","48.60087394327803",2706,"457","1982-10-15 14:22:00","263","1982-10-13 09:07:00","19","33",45,NULL
"France","-1.3219466559132798","46.15628173351536",2702,"534","1982-10-15 14:37:00","225","1982-10-13 20:35:00","15","49",157,NULL
"France","-1.2658705349970205","46.30734294312248",1958,"470","1982-12-09 23:42:00","453","1982-12-09 00:01:00","40","50",60,NULL
"France","-2.4747512119924813","47.52425164594883",1955,"579","1982-12-10 03:48:00","278","1982-12-09 21:59:00","44","63",317,NULL
"France","-1.1132724208853801","46.13452438669128",1957,"602","1982-12-10 20:44:00","417","1982-12-10 17:38:00","66","110",385,NULL
"France","-0.6217632129187397","49.33597396835941",1962,"404","1982-12-11 00:40:00","380","1982-12-11 01:58:00","36","42",17,NULL
"France","-1.7926272138746526","46.500851415860325",1973,"468","1984-01-21 05:22:00","330","1984-01-23 21:52:00","10","35",59,NULL
"France","-1.2718491449593619","46.412533160079754",1968,"624","1984-01-23 03:03:00","312","1984-01-24 13:10:00","32","100",432,NULL
"France","-1.5661122964451692","48.8327948096329",1969,"555","1984-01-23 07:04:00","462","1984-01-25 22:18:00","45","48",235,"Présence de seiches modérées sur la période concernée. Phénomène filtré dans la série de données analysée (pas de temps de 1 heure). Sous estimation de l'ordre de 10 cm de la hauteur max relevée le 23 janvier."
"France","-0.8752152539324758","49.357678030463134",1975,"594","1984-10-04 12:09:00","336","1984-10-04 18:15:00","48","54",365,NULL
"France","-1.2578495500165445","45.90967875217285",1980,"575","1984-10-04 12:23:00","533","1984-10-04 14:09:00","49","58",310,NULL
"France","-2.9629401707521197","47.57754510961928",1982,"536","1984-10-04 12:39:00","317","1984-10-04 17:28:00","58","70",161,"Pas de données le 3 octobre."
"France","-3.3913127282996243","47.71600959626602",1976,"532","1984-10-04 16:21:00","458","1984-10-04 19:01:00","42","46",154,NULL
"France","-3.546942396087243","47.7676243144836",1983,"392","1984-10-05 12:58:00","231","1984-10-05 05:09:00","28","45",13,NULL
"France","-4.164173548969927","47.887277966105444",1978,"558","1984-10-05 21:27:00","528","1984-10-05 22:59:00","41","50",252,NULL
"France","-1.4662486716387093","43.492258245921505",1988,"606","1984-11-21 22:38:00","356","1984-11-22 20:43:00","-1","69",394,"Absence de données du 23 au 26 novembre."
"France","-2.7587746481625954","47.65365529909738",1993,"457","1984-11-23 15:31:00","197","1984-11-23 19:19:00","7","13",46,NULL
"France","0.3868935315377037","49.75817069869468",1989,"579","1984-11-23 15:34:00","439","1984-11-23 13:05:00","43","58",318,"Présence de seiches d'amplitude ± 20cm à pleine mer le 23 novembre. Phénomène non pris en compte dans la série de données analysée (pas de temps de 1 heure)."
"France","0.24363132932298007","49.42142400465006",1997,"624","1986-03-24 23:21:00","448","1986-03-23 07:40:00","63","116",433,NULL
"France","-4.090989649052915","47.99687353428635",2003,"457","1986-03-26 03:27:00","235","1986-03-24 18:04:00","8","27",47,NULL
"France","-4.264284513419398","48.451331653533146",1998,"547","1986-03-26 16:06:00","206","1986-03-24 07:19:00","20","33",193,NULL
"France","2.337022941955354","51.03056862164476",2013,"376","1987-06-08 12:40:00","260","1987-06-07 14:55:00","12","22",5,NULL
"France","-1.1337402406194315","46.37387547427386",2012,"507","1987-06-08 12:45:00","482","1987-06-07 13:46:00","-3","31",117,NULL
"France","-0.774833966702811","49.340543244591764",2008,"449","1987-06-08 12:56:00","347","1987-06-07 14:44:00","10","19",40,NULL
"France","-4.960246972419668","48.39544955954972",2006,"600","1987-06-08 13:00:00","407","1987-06-08 02:00:00","8","18",380,NULL
"France","-3.003968146054859","48.83998941721573",2010,"578","1987-06-08 13:02:00","555","1987-06-07 11:57:00","8","18",315,NULL
"France","-1.537676631770978","46.236515919873966",2007,"558","1987-06-08 17:18:00","455","1987-06-06 17:40:00","14","31",253,NULL
"France","-1.0808860245701908","44.75456559422696",2019,"526","1987-10-14 03:42:00","447","1987-10-15 02:34:00","28","76",142,NULL
"France","-2.166972586265212","46.938461149390484",2016,"623","1987-10-15 23:06:00","621","1987-10-15 23:20:00","142","147",431,NULL
"France","-2.016333681761669","48.652922132825644",2020,"496","1987-10-15 23:25:00","496","1987-10-15 23:58:00","131","137",92,NULL
"France","-2.9689431493613765","47.39014620364101",2021,"589","1987-10-15 23:43:00","588","1987-10-15 23:53:00","125","138",349,NULL
"France","-3.2705808327390855","47.80740515252592",2017,"553","1987-10-16 03:00:00","534","1987-10-16 05:05:00","107","120",225,NULL
"France","-1.4796402558929458","43.52537806544552",2024,"501","1987-10-16 12:30:00","346","1987-10-14 15:25:00","62","79",103,NULL
"France","-1.3873469078068437","46.01143587772599",2025,"348","1987-10-17 12:06:00","318","1987-10-16 00:13:00","12","38",2,NULL
"France","-1.3238467426328953","45.97608479457779",2037,"477","1988-01-22 05:39:00","258","1988-01-19 18:48:00","10","17",69,NULL
"France","-1.5275892744728843","48.60348384003333",2032,"572","1988-01-22 05:52:00","490","1988-01-19 01:51:00","21","27",303,NULL
"France","-0.5283064768622694","49.33386065454573",2043,"545","1989-02-24 05:33:00","260","1989-02-25 10:56:00","50","68",184,NULL
"France","-2.496666854996885","47.35025436950403",2062,"470","1989-12-15 04:56:00","401","1989-12-18 08:56:00","31","52",61,NULL
"France","-1.1994731089966422","46.37945349678159",2050,"550","1989-12-16 05:45:00","227","1989-12-17 00:06:00","61","88",212,NULL
"France","-1.906214239495398","48.63874466893151",2059,"582","1989-12-16 05:51:00","273","1989-12-16 23:08:00","70","83",329,"Présence de seiches d'amplitude maximale 25cm sur la période concernée. Phénomène filtré dans la série de données analysée (pas de temps de 1 heure). Sous estimation de l'ordre de 25 cm de la hauteur max relevée le 16 décembre."
"France","-1.6303727596949216","43.39429182640686",2055,"561","1989-12-16 05:52:00","309","1989-12-16 22:38:00","55","79",263,NULL
"France","-1.3587574578931696","46.205101828946795",2073,"438","1990-01-27 03:46:00","309","1990-01-27 18:44:00","15","29",34,NULL
"France","-1.4686406074778802","48.56049687902794",2068,"539","1990-01-27 16:13:00","474","1990-01-27 18:05:00","48","52",167,NULL
"France","-4.332969436090423","48.66766557540615",2071,"550","1990-01-27 16:24:00","489","1990-01-27 18:09:00","52","60",213,NULL
"France","1.870432515948039","50.85830878252449",2084,"427","1990-02-01 06:59:00","211","1990-02-01 15:32:00","14","25",28,NULL
"France","-1.4378207334113366","46.222415042958836",2082,"522","1990-02-01 07:02:00","514","1990-02-03 09:56:00","22","82",134,"Présence de seiches à pleine mer sur la période concernée. Phénomène filtré dans la série de données analysée (pas de temps de 1 heure). Sous estimation de l'ordre de 10 cm de la hauteur max relevée le 1 février. Sous estimation de l'ordre de 20 cm de la hauteur de PM du 3 février."
"France","-2.728657712091249","47.51310659038942",2079,"520","1990-02-01 07:15:00","495","1990-02-03 08:15:00","26","71",128,"Présence de seiches importantes les 2 et 3 février. Phénomène filtré dans la série de données analysée (pas de temps de 1 heure). Evaluer la seiche du 1er fev et Analyser la série numérisée à HF les 2-3 fév"
"France","-0.758043014073678","45.198713956584015",2089,"545","1990-02-11 16:48:00","543","1990-02-11 16:32:00","43","44",185,"Présence de seiches sur la période concernée. Phénomène filtré dans la série de données analysée (pas de temps de 1 heure). Impact sur l'évaluation de la hauteur max non quantifié, car hauteurs et surcotes de PM non remarquables pour ces ports."
"France","-4.213554890556271","47.7980796277793",2094,"466","1990-02-12 04:58:00","311","1990-02-12 20:04:00","31","47",54,NULL
"France","-2.7294704022420313","47.62484552606154",2104,"475","1990-02-27 04:40:00","456","1990-03-01 06:16:00","9","13",66,NULL
"France","1.3720200766653647","50.05305242572905",2102,"592","1990-02-27 04:49:00","275","1990-02-26 07:59:00","32","40",356,"Présence de seiches à pleine mer sur la période concernée. Phénomène filtré dans la série de données analysée (pas de temps de 1 heure). Sous estimation de l'ordre de 10 cm de la hauteur max relevée le 27 février."
"France","-2.432236741532222","47.27015247255872",2392,"506","1990-10-16 14:16:00","436","1990-10-15 02:55:00","12","26",113,NULL
"France","-1.083353228528427","44.616322250366046",2395,"518","1990-10-16 14:26:00","210","1990-10-15 06:06:00","13","23",123,NULL
"France","-1.918709133119819","46.69041574359187",2390,"608","1990-10-16 18:35:00","582","1990-10-15 18:58:00","-1","31",399,NULL
"France","-1.7935280000170337","46.497358000271674",2391,"593","1990-10-16 22:47:00","450","1990-10-15 19:59:00","11","30",361,NULL
"France","-1.9486725547135157","46.6961773660592",2115,"471","1992-10-26 15:28:00","126","1992-10-26 22:59:00","13","27",62,NULL
"France","2.1195115001942164","50.98531391313848",2114,"626","1992-10-26 15:30:00","561","1992-10-26 17:36:00","23","32",440,NULL
"France","-1.1642484352169618","46.45119870535615",2112,"568","1992-10-26 15:51:00","97","1992-10-26 22:11:00","15","32",287,NULL
"France","-1.225381484467789","45.83277136760472",2105,"456","1992-10-26 15:58:00","92","1992-10-25 21:17:00","0","20",44,NULL
"France","-3.1982561336935422","47.6574199996723",2123,"531","1992-11-11 03:39:00","408","1992-11-11 06:19:00","15","22",152,NULL
"France","-1.0275206140848923","45.9883924196746",2137,"464","1993-09-14 13:56:00","266","1993-09-14 05:00:00","34","52",52,NULL
"France","-3.333829972375156","47.695125120628006",2136,"609","1993-09-14 14:05:00","461","1993-09-13 04:30:00","36","124",404,NULL
"France","-2.7679178366633703","47.537694380606915",2404,"548","1993-11-13 15:09:00","219","1993-11-13 19:06:00","5","16",198,NULL
"France","-2.6603105716753817","47.53058426695054",2407,"564","1993-11-14 03:14:00","380","1993-11-13 11:52:00","3","15",270,NULL
"France","-1.6944239499283034","49.66327508196097",2147,"592","1994-01-29 04:25:00","204","1994-01-27 20:30:00","-23","6",357,NULL
"France","-4.718111028001374","48.35102598226342",2148,"433","1994-01-29 04:29:00","176","1994-01-27 23:50:00","-19","-5",30,NULL
"France","-0.5839319582930784","49.33397179546216",2142,"509","1994-01-29 04:46:00","322","1994-01-27 18:42:00","-29","2",118,NULL
"France","2.2488026009134994","51.020500769496046",2145,"524","1994-01-29 04:50:00","327","1994-01-27 12:31:00","-22","10",138,NULL
"France","-2.2623033748007515","47.00861471709567",2159,"606","1994-03-31 05:50:00","221","1994-04-01 00:04:00","17","84",396,NULL
"France","-2.353411555398793","47.2910000409193",2157,"520","1994-03-31 18:31:00","109","1994-04-01 00:41:00","17","38",129,NULL
"France","-2.0199943853807394","48.651674253265874",2154,"537","1994-03-31 18:41:00","381","1994-03-31 21:33:00","34","47",164,NULL
"France","-3.0465521468639167","48.7846238563061",2169,"579","1995-09-07 14:15:00","438","1995-09-07 11:29:00","47","58",319,"Présence de seiches à pleine mer sur la période concernée. Phénomène filtré dans la série de données analysée (pas de temps de 1 heure). Sous estimation de l'ordre de 25 cm de la hauteur max relevée le 7 septembre."
"France","-1.1645744305687014","46.155887428669196",2166,"564","1995-09-07 14:19:00","175","1995-09-07 07:56:00","50","54",271,NULL
"France","-3.370281457262517","47.763258151921974",2187,"528","1996-02-06 04:22:00","389","1996-02-07 08:03:00","22","50",146,NULL
"France","-0.7304278359756609","45.417937824671014",2190,"556","1996-02-06 04:27:00","206","1996-02-07 10:20:00","45","68",241,"Présence de seiches d'amplitude comprise entre ± 5cm et ± 25cm à pleine mer sur la période concernée. Phénomène filtré dans la série de données analysée (pas de temps de 1 heure). Sous estimation de l'ordre de 15 cm de la hauteur max relevée."
"France","2.3860480947966076","51.04936786422389",2193,"628","1996-02-07 16:55:00","382","1996-02-07 14:09:00","54","76",445,NULL
"France","-1.9808264633704198","48.63974171310974",2198,"520","1996-02-18 02:57:00","360","1996-02-18 12:30:00","-16","18",130,"Pas d'enregistrement du 19 au 21 février, pendant la tempête"
"France","-1.58111241620486","49.03844560128363",2205,"496","1996-02-20 04:22:00","200","1996-02-19 07:19:00","16","37",93,NULL
"France","-4.335422499683765","47.888871639095214",2213,"547","1996-10-27 15:59:00","253","1996-10-28 00:16:00","-5","13",194,NULL
"France","-1.5329272059256596","48.622538297504605",2216,"619","1996-10-28 16:35:00","189","1996-10-28 22:05:00","22","38",417,NULL
"France","-1.4250222036609115","48.67468107209621",2226,"537","1998-01-03 06:55:00","250","1998-01-05 13:14:00","17","43",165,"Présence de seiches d'amplitude comprise entre ± 5cm et ± 15cm à pleine mer. Phénomène filtré dans la série de données analysée (pas de temps de 1 heure)."
"France","-4.761992598279619","48.35531159715265",2238,"566","1998-01-13 03:48:00","327","1998-01-13 12:20:00","47","84",278,"Présence de seiches d'amplitude maximale ± 15cm d'après l'analyse du marégramme original. Phénomène filtré dans la série de données analysée (pas de temps de 1 heure)"
"France","-1.0348803878194985","46.03988939687832",2246,"506","1998-10-23 04:50:00","297","1998-10-24 13:53:00","7","39",114,NULL
"France","-1.4998534128046117","46.24291362946059",2253,"608","1998-10-24 17:35:00","604","1998-10-24 17:50:00","74","76",400,NULL
"France","-1.2647926669478693","49.66837719255358",2247,"599","1998-10-24 17:40:00","565","1998-10-24 19:03:00","42","54",372,NULL
"France","-1.074030789389269","45.98218208743356",2250,"519","1998-10-24 17:44:00","464","1998-10-24 19:33:00","36","43",125,NULL
"France","-1.247992156612554","46.33661021269131",2718,"570","1999-12-24 04:40:00","105","1999-12-24 09:43:00","8","19",296,NULL
"France","0.20472630037863837","49.70402599290543",2721,"566","1999-12-25 05:20:00","293","1999-12-27 15:11:00","30","91",279,NULL
"France","-3.5667982795351314","48.698491064886795",2747,"408","1999-12-27 00:00:00",NULL,NULL,"217",NULL,18,"data in m NGF modeled data. Storm Track : from West (modeled) / Wind Speed max (m/s) 41 at Baleines (measured) / Wind direction : 275° (measured)  / Lowest pressure 968hPa at Yeu (measured) / Hs max : 11m, Tp (s) 15 / Dm 265°"
"France","-1.7813021098043578","48.59751918516241",2748,"337","1999-12-27 00:00:00",NULL,NULL,"136",NULL,1,"data in m NGF. modeled data. Storm Track : from West (modeled) / Wind Speed max (m/s) 41 at Baleines (measured) / Wind direction : 275° (measured)  / Lowest pressure 968hPa at Yeu (measured) / Hs max : 11m, Tp (s) 15 / Dm 265°"
"France","-2.1506691658491377","47.24701554772952",2748,"366","1999-12-27 00:00:00",NULL,NULL,"165",NULL,4,"data in m NGF. observed data. Storm Track : from West (modeled) / Wind Speed max (m/s) 41 at Baleines (measured) / Wind direction : 275° (measured)  / Lowest pressure 968hPa at Yeu (measured) / Hs max : 11m, Tp (s) 15 / Dm 265°"
"France","-2.711361950688812","47.562840863126475",3790,"550","2000-01-22 04:20:00","141","2000-01-22 12:01:00","-9","2",214,NULL
"France","-1.9585440983238929","47.01371182049252",3789,"600","2000-01-23 04:45:00","83","2000-01-22 11:45:00","-20","0",381,NULL
"France","-2.6286754791249263","47.572714738819194",3783,"522","2000-01-23 05:00:00","50","2000-01-22 10:11:00","-20","-12",135,NULL
"France","2.386822263092409","51.034666902436754",3791,"627","2000-01-23 05:00:00","616","2000-01-22 16:20:00","-12","-3",443,NULL
"France","-2.8326458929544254","47.51240579339333",3788,"533","2000-01-23 05:09:00","222","2000-01-23 09:06:00","-16","1",155,NULL
"France","-1.3052866403659777","45.93954567978943",3792,"449","2000-01-23 05:10:00","206","2000-01-23 08:45:00","-14","14",42,NULL
"France","-4.502780101120607","48.39989618456144",3803,"546","2000-02-08 05:10:00","546","2000-02-08 05:10:00","24","24",188,NULL
"France","-1.8251236931326835","49.653622795635044",3801,"526","2000-02-08 05:14:00","490","2000-02-10 07:40:00","13","21",143,NULL
"France","-1.2285056220562645","44.71868298896289",3804,"622","2000-02-08 05:20:00","526","2000-02-10 16:59:00","15","23",425,NULL
"France","-1.1518798163003225","46.15640079925765",3814,"553","2000-04-04 03:27:00","425","2000-04-03 12:44:00","38","45",226,NULL
"France","-2.0161509475912043","48.65202729096074",3809,"537","2000-04-04 03:30:00","459","2000-04-03 13:19:00","31","45",166,NULL
"France","2.039146613353644","50.98149896840895",3818,"464","2000-04-05 04:00:00","209","2000-04-04 07:31:00","20","52",53,NULL
"France","2.4869166184073492","51.063698054921474",3830,"617","2000-09-01 05:20:00","505","2000-09-01 02:59:00","8","15",411,NULL
"France","-1.473691585837807","48.601561668541336",3829,"606","2000-09-01 17:10:00","127","2000-09-01 23:35:00","9","19",397,NULL
"France","-1.3237175622155632","46.38131448277733",3828,"534","2000-09-01 17:29:00","125","2000-09-01 00:30:00","5","20",159,NULL
"France","-1.0814167603750207","46.29411277098774",3823,"519","2000-09-01 17:30:00","326","2000-09-01 08:20:00","4","11",126,NULL
"France","-4.285750102185318","47.80056880580594",3831,"447","2000-09-01 17:40:00","207","2000-09-01 09:07:00","7","33",39,NULL
"France","-3.350018415357627","47.756556366132216",3515,"569","2000-10-12 15:00:00","228","2000-10-10 20:39:00","38","63",291,NULL
"France","-3.9153720657969746","48.66390321970604",3513,"546","2000-10-12 15:02:00","337","2000-10-11 23:26:00","29","47",189,"Problème d'enregistrement (stylet) du 11 octobre 10h au 12 octobre 16h."
"France","-1.7618081751281005","49.67814873234906",3503,"601","2000-10-13 23:40:00","372","2000-10-11 07:59:00","-9","48",382,NULL
"France","-1.6782117154871743","49.66007720225191",3531,"572","2000-10-28 16:20:00","213","2000-10-30 10:41:00","31","81",304,NULL
"France","-1.0182337775665928","45.63452638238681",3952,"570","2000-10-30 04:50:00","213","2000-10-30 10:41:00","49","81",297,NULL
"France","-4.295596281942721","48.62384013721271",3529,"554","2000-10-30 05:01:00","498","2000-10-30 06:54:00","44","64",231,NULL
"France","-4.501878314032808","48.604613762315466",3950,"554","2000-10-30 05:01:00","498","2000-10-30 06:54:00","44","64",230,"Présence de seiches d'amplitude ± 15cm. Phénomène non pris en compte dans la série de données analysée."
"France","-1.1526834639705044","46.15441015800258",3954,"542","2000-10-30 05:20:00","183","2000-10-30 11:21:00","27","48",172,NULL
"France","-1.6001169829518185","49.64401536995199",3523,"556","2000-10-30 05:20:00","543","2000-10-30 06:01:00","61","71",242,NULL
"France","-0.5529683829843179","44.85996671359311",3944,"556","2000-10-30 05:20:00","543","2000-10-30 06:01:00","61","71",243,NULL
"France","-1.052180265606637","45.88867406775421",3951,"619","2000-10-30 17:15:00","245","2000-10-30 23:00:00","57","62",418,NULL
"France","-2.6839894371106836","47.61648771830509",3940,"624","2000-10-31 14:00:00","358","2000-10-30 10:30:00","31","94",435,NULL
"France","-3.03634897989817","47.59057217478749",3842,"582","2001-01-10 03:27:00","241","2001-01-09 23:04:00","45","66",330,NULL
"France","-1.0672201749709416","46.368480099577084",3837,"572","2001-01-10 03:50:00","264","2001-01-09 23:30:00","43","54",305,NULL
"France","-1.2006833790930054","44.40728788502795",3832,"622","2001-01-10 11:50:00","550","2001-01-09 09:50:00","-2","23",426,NULL
"France","-3.1024217297841292","47.48511845043638",3844,"590","2001-01-11 04:40:00","164","2001-01-09 22:10:00","32","58",350,NULL
"France","-3.820324485286619","48.60020988387919",3846,"591","2001-01-11 04:50:00","384","2001-01-11 14:14:00","25","44",355,NULL
"France","-2.146177633474189","47.319443578317454",3847,"599","2001-01-11 05:10:00","185","2001-01-09 22:41:00","38","46",373,NULL
"France","-1.4771830859305055","46.40906976445825",3863,"475","2001-09-18 16:10:00","66","2001-09-18 22:01:00","2","38",67,NULL
"France","-0.9714357013963308","45.83056708340433",3858,"562","2001-09-18 16:23:00","186","2001-09-19 08:50:00","-12","4",266,NULL
"France","-1.3662996876802822","46.19908072419622",3860,"581","2001-09-18 16:30:00","227","2001-09-19 12:50:00","-6","4",328,NULL
"France","-1.7849481394449072","49.37481368060702",3862,"476","2001-09-18 17:10:00","29","2001-09-18 23:08:00","-5","15",68,NULL
"France","-1.9197813510664712","48.68317426351603",3864,"622","2001-12-28 22:40:00","270","2001-12-28 18:19:00","62","112",427,NULL
"France","-2.2019690133259737","47.27870219626501",3870,"491","2001-12-29 14:40:00","243","2001-12-29 06:50:00","9","18",84,NULL
"France","-3.98891564174329","48.71168186232825",3875,"509","2001-12-29 15:05:00","293","2001-12-29 11:12:00","18","28",119,NULL
"France","-1.0493057742419296","45.084861446598666",3876,"595","2001-12-29 15:10:00","220","2001-12-29 10:04:00","36","45",366,NULL
"France","-1.2246220958257803","49.32055266107518",3879,"430","2001-12-29 15:50:00","106","2001-12-29 22:11:00","21","34",29,NULL
"France","-1.1090031709593973","45.822067113206856",3869,"608","2001-12-29 19:10:00","348","2001-12-28 22:40:00","6","38",401,NULL
"France","-1.3871938686987746","48.69636316652573",3892,"590","2004-02-07 04:00:00","565","2004-02-07 05:22:00","12","19",351,NULL
"France","-1.3772940238000047","46.18296247284002",3894,"604","2004-02-07 04:30:00","372","2004-02-08 01:19:00","7","11",389,NULL
"France","-4.374886138654525","47.81828881813726",3895,"533","2004-02-07 04:50:00","526","2004-02-07 04:18:00","14","14",156,NULL
"France","-1.5913328977515964","49.64450383821421",3548,"569","2004-12-16 06:30:00","288","2004-12-17 12:27:00","6","52",292,NULL
"France","-1.116073914926169","44.64053536586977",3554,"422","2004-12-16 06:30:00","212","2004-12-17 11:22:00","-8","14",24,NULL
"France","-2.7516756975751946","47.52377314891186",3541,"502","2004-12-16 06:50:00","466","2004-12-17 08:51:00","5","17",106,NULL
"France","-3.464746858280705","47.6370595959238",3549,"519","2004-12-16 07:00:00","201","2004-12-17 12:43:00","0","27",127,NULL
"France","-3.1228501831892572","47.487977398438375",3552,"423","2004-12-16 07:40:00","165","2004-12-17 13:32:00","-6","54",26,NULL
"France","-3.339177076484881","47.69656646473568",3906,"528","2005-04-07 02:35:00","114","2005-04-07 08:13:00","12","17",147,NULL
"France","-3.4421774865499963","47.73249770833673",3913,"445","2005-04-08 03:00:00","202","2005-04-08 07:00:00","-5","23",38,NULL
"France","-4.5877576357061685","48.26789232587032",3901,"521","2005-04-08 03:00:00","222","2005-04-07 10:59:00","0","13",132,NULL
"France","-2.118594590378043","46.88441460652618",3907,"561","2005-04-08 03:10:00","402","2005-04-07 12:26:00","1","18",264,NULL
"France","-3.170920557237764","47.34281348685312",3912,"554","2005-04-08 03:50:00","479","2005-04-08 05:32:00","7","22",232,NULL
"France","-2.6236350072951904","47.50829697220481",3573,"489","2006-03-30 03:40:00","424","2006-03-30 05:31:00","5","13",82,NULL
"France","-2.356607554754525","47.273574940001886",3560,"578","2006-03-30 04:00:00","126","2006-03-29 20:51:00","22","44",316,NULL
"France","-1.7702766148736941","49.380753071397294",3568,"609","2006-03-30 04:00:00","397","2006-03-30 07:00:00","30","41",406,NULL
"France","-3.557340037212782","48.77078920485809",3565,"596","2006-03-30 04:13:00","158","2006-03-29 20:41:00","26","53",369,NULL
"France","0.14028387999724146","49.496581191369046",3571,"493","2006-03-30 05:00:00","440","2006-03-29 03:00:00","17","29",89,NULL
"France","1.8677200095709736","50.969398499641215",3585,"555","2006-12-08 05:09:00","554","2006-12-08 05:00:00","57","59",236,NULL
"France","-2.3469705956163125","46.70947277614789",3586,"597","2006-12-08 05:28:00","597","2006-12-08 05:30:00","78","79",371,NULL
"France","-4.491662418485646","48.24505637535162",3588,"603","2006-12-08 05:40:00","603","2006-12-08 05:40:00","95","96",388,NULL
"France","-1.5275998604450365","48.76348485724054",3590,"599","2006-12-08 06:30:00","598","2006-12-08 06:35:00","88","92",375,NULL
"France","-0.9723996784022688","45.94252304280434",3591,"504","2006-12-08 06:30:00","193","2006-12-08 11:41:00","85","91",109,NULL
"France","-1.1057800699940685","46.106700173774186",3600,"494","2007-01-18 02:50:00","316","2007-01-18 06:31:00","21","41",90,NULL
"France","-4.5070994512377345","48.2255833063005",3607,"575","2007-01-18 03:00:00","512","2007-01-18 05:15:00","25","51",311,NULL
"France","-3.3269867700887716","47.769213366191885",3606,"536","2007-01-18 03:08:00","404","2007-01-18 05:52:00","28","29",163,NULL
"France","-1.5497000900317128","47.23215418171611",3613,"414","2007-01-19 03:20:00","268","2007-01-18 05:40:00","-6","5",22,NULL
"France","-4.030768487175806","48.69977179243443",3608,"521","2007-01-19 03:40:00","495","2007-01-18 04:11:00","6","31",133,NULL
"France","-3.3275559412723608","47.73115366676511",3605,"504","2007-01-19 03:48:00","271","2007-01-18 07:02:00","-1","29",110,NULL
"France","-1.1023526043890115","49.30602694029125",3609,"605","2007-01-19 04:00:00","461","2007-01-18 05:47:00","5","30",393,NULL
"France","-3.4680346843530288","48.8095671378133",3628,"585","2007-03-19 03:50:00","585","2007-03-19 03:50:00","15","16",336,NULL
"France","-0.9362482451602432","45.43332823401096",3633,"506","2007-03-20 04:00:00","59","2007-03-19 22:19:00","20","28",115,NULL
"France","-0.9837708070769509","45.9503312023233",3625,"564","2007-03-20 04:20:00","87","2007-03-18 20:56:00","-10","4",272,NULL
"France","-3.35340963200184","47.75900277146163",3620,"548","2007-03-20 04:30:00","426","2007-03-18 17:12:00","-13","4",199,NULL
"France","-1.4239808146167587","46.35542279847072",3626,"590","2007-03-20 04:36:00","60","2007-03-18 09:26:00","-12","1",352,NULL
"France","-4.679070660282605","48.035037185318004",3630,"592","2007-03-20 04:50:00","560","2007-03-19 05:21:00","15","35",358,NULL
"France","-1.0733774598017476","45.94192029378672",3631,"500","2007-03-20 05:00:00","173","2007-03-20 00:50:00","23","34",102,NULL
"France","-2.8439090811390315","48.65400419094084",3649,"480","2007-11-08 15:10:00","165","2007-11-08 20:19:00","-20","-9",74,NULL
"France","0.5020178394518666","49.47016671971852",3647,"481","2007-11-09 02:50:00","122","2007-11-08 20:50:00","-21","-14",75,NULL
"France","-1.6607265299052756","48.579954550562206",3650,"383","2007-11-09 03:40:00","171","2007-11-08 07:10:00","-25","-17",9,NULL
"France","1.8437674916301523","50.96005694947441",3638,"626","2007-11-09 07:10:00","610","2007-11-09 06:19:00","11","17",441,NULL
"France","-1.2033135331236422","46.153866501893425",3646,"549","2007-11-10 03:10:00","537","2007-11-08 14:16:00","-16","-8",209,NULL
"France","-1.0108217577177925","46.38547109891226",3652,"389","2007-11-10 03:10:00","223","2007-11-08 05:30:00","-22","-16",11,NULL
"France","-2.8951669996571354","47.542675999897654",3648,"566","2007-11-10 03:20:00","237","2007-11-08 19:30:00","-21","-12",280,NULL
"France","-2.539529671102963","47.55757941721791",3639,"459","2007-11-10 03:20:00","171","2007-11-08 09:59:00","-22","-8",49,NULL
"France","-1.436463335914084","46.20125738571994",3645,"496","2007-11-10 03:28:00","224","2007-11-08 06:51:00","-25","-13",94,NULL
"France","-3.2307937723145983","47.353962092676625",3747,"612","2008-03-10 05:00:00","612","2008-03-10 05:00:00","73","74",409,NULL
"France","-1.0183335733007117","45.62034996152908",3755,"617","2008-03-10 05:30:00","390","2008-03-10 08:36:00","59","96",413,NULL
"France","-1.2164217151898242","45.881432873228675",3757,"599","2008-03-10 05:40:00","203","2008-03-10 10:49:00","44","70",376,NULL
"France","-1.3401795299611763","46.426628346621044",3965,"556","2008-03-11 05:49:00","196","2008-03-11 22:54:00","22","26",245,NULL
"France","-3.9072069998030656","47.87354900028629",3966,"582","2008-03-11 06:00:00","119","2008-03-12 00:18:00","25","31",331,NULL
"France","-1.6214144599092606","49.63209684059689",3968,"566","2008-03-11 06:20:00","548","2008-03-11 06:51:00","27","34",281,NULL
"France","-2.758225976576053","47.655243411477606",3970,"574","2008-03-11 06:30:00","144","2008-03-11 00:00:00","35","48",309,NULL
"France","-0.7984680436651388","45.33158720968214",3971,"496","2008-03-11 06:40:00","152","2008-03-11 11:55:00","52","61",96,NULL
"France","-4.07612182046546","47.87846884855867",3758,"496","2008-03-11 06:40:00","128","2008-03-10 11:34:00","52","63",95,NULL
"France","1.7693919852520708","50.941189857126346",3653,"587","2008-11-29 00:10:00","518","2008-11-28 10:36:00","11","19",341,NULL
"France","-1.858080542917259","48.67079182687309",3655,"619","2008-11-29 08:20:00","200","2008-11-30 16:20:00","6","20",419,NULL
"France","-3.376125862291691","47.710029378604425",3665,"625","2008-11-30 04:20:00","625","2008-11-30 04:19:00","51","53",438,NULL
"France","-1.05827316077756","45.54396350391272",3664,"543","2008-11-30 04:40:00","253","2008-11-29 23:58:00","46","49",174,NULL
"France","-1.5148300000043378","43.5273200003179",3662,"547","2008-11-30 04:42:00","196","2008-11-29 23:06:00","34","40",196,NULL
"France","-0.901631382150809","49.36781611210368",3661,"514","2008-11-30 04:43:00","187","2008-11-30 11:01:00","25","30",122,NULL
"France","2.3721960293904067","51.0310340395913",3666,"555","2008-11-30 05:10:00","266","2008-11-30 00:00:00","54","69",237,NULL
"France","-4.0176138446030905","47.87881592391591",3667,"502","2008-11-30 05:40:00","201","2008-11-29 23:20:00","94","112",107,NULL
"France","-3.907490656768232","47.89615953483485",3669,"602","2009-01-23 10:10:00","484","2009-01-23 07:50:00","92","124",386,NULL
"France","-3.1380668599271666","47.52227015547761",3680,"550","2009-01-24 02:30:00","470","2009-01-24 05:12:00","88","106",215,NULL
"France","1.4053697835888102","50.07089733764218",3682,"579","2009-01-24 03:40:00","549","2009-01-24 04:52:00","104","130",320,NULL
"France","1.5830049973828864","50.414454612690406",3679,"604","2009-01-28 04:20:00","583","2009-01-24 03:41:00","22","77",390,NULL
"France","-1.6138553516834584","49.64108360888271",3678,"551","2009-01-28 04:53:00","510","2009-01-24 04:15:00","13","66",216,NULL
"France","-2.983821717744771","47.66266120409265",3689,"552","2009-02-09 15:40:00","138","2009-02-09 21:40:00","43","68",221,NULL
"France","-4.143217666262103","48.30518362822204",3694,"559","2009-02-09 15:52:00","146","2009-02-09 21:38:00","38","67",259,"Amplitude des seiches relevées sur le marégramme original : ± 15 cm le 9 février à PM, ± 30 cm le 9 février à BM, ± 35 cm le 10 février toute la journée."
"France","2.3770291716342795","51.041943739312096",3695,"587","2009-02-09 16:01:00","150","2009-02-09 21:40:00","39","89",342,NULL
"France","-1.635508000093978","49.651446999979214",3700,"524","2009-02-10 04:50:00","161","2009-02-09 23:51:00","60","71",139,NULL
"France","-1.4680856961220927","46.20350964592724",3974,"384","2010-02-28 00:00:00",NULL,NULL,"102",NULL,10,"data in m NGF. observed data. Storm Track : from South-West (modeled) / Wind Speed max (m/s) 32 at Baleines (measured) / Wind direction : 205° (measured)  / Lowest pressure 970hPa at Yeu (measured) / Hs max : 8m, Tp (s) 10/ Dm 205°"
"France","-3.378831036722829","47.750261137042",3711,"604","2010-02-28 03:03:00","266","2010-02-27 22:43:00","59","79",391,"Présence de seiches d'amplitude ± 10cm. Phénomène non pris en compte dans la série de données analysée."
"France","-0.9362117299871784","45.6749217217602",3719,"501","2010-03-01 03:40:00","217","2010-02-27 18:31:00","21","55",104,NULL
"France","-1.7147186176699165","48.59506067880744",3734,"601","2010-03-30 03:00:00","542","2010-03-30 01:49:00","38","51",383,NULL
"France","-2.25106674423472","47.28015720639013",3739,"491","2010-03-30 03:10:00","89","2010-03-30 08:19:00","21","26",86,NULL
"France","-1.4311018827455086","46.3563169136948",3726,"580","2010-03-30 03:40:00","326","2010-03-30 00:08:00","42","51",323,NULL
"France","-2.5774889270438197","47.522166966079986",3731,"582","2010-03-30 03:41:00","309","2010-03-30 07:05:00","28","42",332,NULL
"France","-2.0131842905836104","48.628278810454134",3732,"619","2010-03-30 03:50:00","455","2010-03-30 00:59:00","41","48",420,NULL
"France","-0.5735822436254807","44.85788698369748",3736,"599","2010-03-30 04:10:00","134","2010-03-30 10:20:00","36","55",377,NULL
